Workbook
Name 지우기: 'GS DATA'!$3:$1048576

Sheet GS DATA
A1: 주문서
A2: 배달일시 | B2: 문서번호 | C2: 발주번호 | D2: 발주타입 | E2: 발주일자 | F2: 납품일자 | G2: 주문자 | H2: 주문자코드 | I2: 도크정보 | J2: 납품처 | K2: 공급자 | L2: 상품명 | M2: 상품코드 | N2: 배송처 | O2: 입수 | P2: 발주량 | Q2: 낱개수량 | R2: 단위 | S2: 발주단가 | T2: 세액 | U2: 발주금액 | V2: 배송처코드 | W2: 발주일 | X2: 입고일 | Y2: 납품처 | Z2: 납품처코드
A3: 46105.605 | B3: VV730324V000410536 | C3: V000410536 | D3: 정상 | E3: 46105 | F3: 46106 | G3: GS편의점/ | H3: VV73 | J3: VV73 (주)지에스리테일(라인물류2 | K3: PV1243001 한국멘소레담(주) | L3: 멘소래담)스프레이쿨타입180ML | M3: 8809020345212 | O3: 16 | P3: 1 | Q3: 16 | R3: EA | S3: 2349 | T3: 3758 | U3: 37584 | V3: VV73 | W3: 46105 | X3: 46106 | Y3: (주)지에스리테일(라인물류2 | Z3: VV73
A4: 46105.605 | B4: VV730324V000410536 | C4: V000410536 | D4: 정상 | E4: 46105 | F4: 46106 | G4: GS편의점/ | H4: VV73 | J4: VV73 (주)지에스리테일(라인물류2 | K4: PV1243001 한국멘소레담(주) | L4: 멘소래담)딥앤쿨스프레이150ML | M4: 8809020348978 | O4: 16 | P4: 3 | Q4: 48 | R4: EA | S4: 2923 | T4: 14030 | U4: 140304 | V4: VV73 | W4: 46105 | X4: 46106 | Y4: (주)지에스리테일(라인물류2 | Z4: VV73
A5: 46105.605 | B5: VV610324V000369120 | C5: V000369120 | D5: 정상 | E5: 46105 | F5: 46106 | G5: GS편의점/ | H5: VV61 | J5: VV61 ㈜지에스리테일엠투엠경산 | K5: PV1243001 한국멘소레담(주) | L5: 멘소래담)스프레이핫타입180ML | M5: 8809020345229 | O5: 16 | P5: 1 | Q5: 16 | R5: EA | S5: 2560 | T5: 4096 | U5: 40960 | V5: VV61 | W5: 46105 | X5: 46106 | Y5: ㈜지에스리테일엠투엠경산 | Z5: VV61
A6: 46105.605 | B6: VV590324V000357581 | C6: V000357581 | D6: 정상 | E6: 46105 | F6: 46106 | G6: GS편의점/ | H6: VV59 | J6: VV59 (주)지에스리테일엠투엠광주 | K6: PV1243001 한국멘소레담(주) | L6: 아크네스)퍼펙트스팟패치(18매) | M6: 8809020343744 | O6: 40 | P6: 1 | Q6: 40 | R6: EA | S6: 1432 | T6: 5728 | U6: 57280 | V6: VV59 | W6: 46105 | X6: 46106 | Y6: (주)지에스리테일엠투엠광주 | Z6: VV59
A7: 46105.605 | B7: VV590324V000357581 | C7: V000357581 | D7: 정상 | E7: 46105 | F7: 46106 | G7: GS편의점/ | H7: VV59 | J7: VV59 (주)지에스리테일엠투엠광주 | K7: PV1243001 한국멘소레담(주) | L7: 멘소래담)스프레이핫타입180ML | M7: 8809020345229 | O7: 16 | P7: 1 | Q7: 16 | R7: EA | S7: 2560 | T7: 4096 | U7: 40960 | V7: VV59 | W7: 46105 | X7: 46106 | Y7: (주)지에스리테일엠투엠광주 | Z7: VV59
A8: 46105.604 | B8: VV240324V000895851 | C8: V000895851 | D8: 정상 | E8: 46105 | F8: 46106 | G8: GS편의점/ | H8: VV24 | J8: VV24 (주)지에스리테일(세윤CVS) | K8: PV1243001 한국멘소레담(주) | L8: 멘소래담)스프레이쿨타입180ML | M8: 8809020345212 | O8: 16 | P8: 1 | Q8: 16 | R8: EA | S8: 2349 | T8: 3758 | U8: 37584 | V8: VV24 | W8: 46105 | X8: 46106 | Y8: (주)지에스리테일(세윤CVS) | Z8: VV24
A9: 46105.604 | B9: VV240324V000895851 | C9: V000895851 | D9: 정상 | E9: 46105 | F9: 46106 | G9: GS편의점/ | H9: VV24 | J9: VV24 (주)지에스리테일(세윤CVS) | K9: PV1243001 한국멘소레담(주) | L9: 멘소래담)스프레이핫타입180ML | M9: 8809020345229 | O9: 16 | P9: 1 | Q9: 16 | R9: EA | S9: 2560 | T9: 4096 | U9: 40960 | V9: VV24 | W9: 46105 | X9: 46106 | Y9: (주)지에스리테일(세윤CVS) | Z9: VV24
A10: 46105.604 | B10: VV240324V000895851 | C10: V000895851 | D10: 정상 | E10: 46105 | F10: 46106 | G10: GS편의점/ | H10: VV24 | J10: VV24 (주)지에스리테일(세윤CVS) | K10: PV1243001 한국멘소레담(주) | L10: 아크네스)포맨올인원로션150ML | M10: 8809020344024 | O10: 12 | P10: 1 | Q10: 12 | R10: EA | S10: 4725 | T10: 5670 | U10: 56700 | V10: VV24 | W10: 46105 | X10: 46106 | Y10: (주)지에스리테일(세윤CVS) | Z10: VV24
A11: 46105.604 | B11: VV080324V000749051 | C11: V000749051 | D11: 정상 | E11: 46105 | F11: 46106 | G11: GS편의점/ | H11: VV08 | J11: VV08 (주)지에스리테일(라인중부) | K11: PV1243001 한국멘소레담(주) | L11: 아크네스)퍼펙트스팟패치(18매) | M11: 8809020343744 | O11: 40 | P11: 2 | Q11: 80 | R11: EA | S11: 1432 | T11: 11456 | U11: 114560 | V11: VV08 | W11: 46105 | X11: 46106 | Y11: (주)지에스리테일(라인중부) | Z11: VV08
A12: 46105.604 | B12: VV080324V000749051 | C12: V000749051 | D12: 정상 | E12: 46105 | F12: 46106 | G12: GS편의점/ | H12: VV08 | J12: VV08 (주)지에스리테일(라인중부) | K12: PV1243001 한국멘소레담(주) | L12: 멘소래담)스프레이쿨타입180ML | M12: 8809020345212 | O12: 16 | P12: 3 | Q12: 48 | R12: EA | S12: 2349 | T12: 11275 | U12: 112752 | V12: VV08 | W12: 46105 | X12: 46106 | Y12: (주)지에스리테일(라인중부) | Z12: VV08
A13: 46105.604 | B13: VV060324V002033342 | C13: V002033342 | D13: 정상 | E13: 46105 | F13: 46106 | G13: GS편의점/ | H13: VV06 | J13: VV06 (주)지에스리테일(라인물류) | K13: PV1243001 한국멘소레담(주) | L13: 아크네스)퍼펙트스팟패치(18매) | M13: 8809020343744 | O13: 40 | P13: 1 | Q13: 40 | R13: EA | S13: 1432 | T13: 5728 | U13: 57280 | V13: VV06 | W13: 46105 | X13: 46106 | Y13: (주)지에스리테일(라인물류) | Z13: VV06
A14: 46105.604 | B14: VV060324V002033342 | C14: V002033342 | D14: 정상 | E14: 46105 | F14: 46106 | G14: GS편의점/ | H14: VV06 | J14: VV06 (주)지에스리테일(라인물류) | K14: PV1243001 한국멘소레담(주) | L14: 멘소래담)스프레이쿨타입180ML | M14: 8809020345212 | O14: 16 | P14: 1 | Q14: 16 | R14: EA | S14: 2349 | T14: 3758 | U14: 37584 | V14: VV06 | W14: 46105 | X14: 46106 | Y14: (주)지에스리테일(라인물류) | Z14: VV06
A15: 46105.604 | B15: VV060324V002033342 | C15: V002033342 | D15: 정상 | E15: 46105 | F15: 46106 | G15: GS편의점/ | H15: VV06 | J15: VV06 (주)지에스리테일(라인물류) | K15: PV1243001 한국멘소레담(주) | L15: 아크네스)포맨올인원로션150ML | M15: 8809020344024 | O15: 12 | P15: 1 | Q15: 12 | R15: EA | S15: 4725 | T15: 5670 | U15: 56700 | V15: VV06 | W15: 46105 | X15: 46106 | Y15: (주)지에스리테일(라인물류) | Z15: VV06

Sheet GS 서식파일(수주업로드)
I1: =SUBTOTAL(9,I3:I32) -> 376 | K1: =SUBTOTAL(9,K3:K32) -> 831208 | M1: 상품코드 | N1: 상품명 | O1: 입수량 | P1: 화주LOT | Q1: 유효일자
A2: 납품일자 | B2: 점포명 | C2: 점포코드 | D2: 점포명 | E2: 배송코드 | F2: 바코드 | G2: MECODE | H2: 상품명 | I2: 수량 | J2: 발주단가 | K2: 발주금액 | M2: ME00421185 | N2: 멘소래담 스프레이 쿨 180mL 16입 (New 2021) | O2: 16 | P2: MC22-04 | Q2: 45715
A3: ='GS DATA'!X3 -> 46106 | B3: ='GS DATA'!J3 -> VV73 (주)지에스리테일(라인물류2 | C3: =VLOOKUP(B3,'GS 점포명'!A:B,2,0) -> 81052912 | D3: ='GS DATA'!J3 -> VV73 (주)지에스리테일(라인물류2 | E3: =VLOOKUP(D3,'GS 점포명'!A:B,2,0) -> 81052912 | F3: ='GS DATA'!M3 -> 8809020345212 | G3: =VLOOKUP($F3,'GS 제품코드'!$A:$C,3,0) -> ME00421185 | H3: ='GS DATA'!L3 -> 멘소래담)스프레이쿨타입180ML | I3: ='GS DATA'!Q3 -> 16 | J3: ='GS DATA'!S3 -> 2349 | K3: =I3*J3 -> 37584 | N3: 스프레이 쿨 지정 lot
A4: ='GS DATA'!X4 -> 46106 | B4: ='GS DATA'!J4 -> VV73 (주)지에스리테일(라인물류2 | C4: =VLOOKUP(B4,'GS 점포명'!A:B,2,0) -> 81052912 | D4: ='GS DATA'!J4 -> VV73 (주)지에스리테일(라인물류2 | E4: =VLOOKUP(D4,'GS 점포명'!A:B,2,0) -> 81052912 | F4: ='GS DATA'!M4 -> 8809020348978 | G4: =VLOOKUP($F4,'GS 제품코드'!$A:$C,3,0) -> ME00421150 | H4: ='GS DATA'!L4 -> 멘소래담)딥앤쿨스프레이150ML | I4: ='GS DATA'!Q4 -> 48 | J4: ='GS DATA'!S4 -> 2923 | K4: =I4*J4 -> 140304
A5: ='GS DATA'!X5 -> 46106 | B5: ='GS DATA'!J5 -> VV61 ㈜지에스리테일엠투엠경산 | C5: =VLOOKUP(B5,'GS 점포명'!A:B,2,0) -> 81052908 | D5: ='GS DATA'!J5 -> VV61 ㈜지에스리테일엠투엠경산 | E5: =VLOOKUP(D5,'GS 점포명'!A:B,2,0) -> 81052908 | F5: ='GS DATA'!M5 -> 8809020345229 | G5: =VLOOKUP($F5,'GS 제품코드'!$A:$C,3,0) -> ME00421300 | H5: ='GS DATA'!L5 -> 멘소래담)스프레이핫타입180ML | I5: ='GS DATA'!Q5 -> 16 | J5: ='GS DATA'!S5 -> 2560 | K5: =I5*J5 -> 40960
A6: ='GS DATA'!X6 -> 46106 | B6: ='GS DATA'!J6 -> VV59 (주)지에스리테일엠투엠광주 | C6: =VLOOKUP(B6,'GS 점포명'!A:B,2,0) -> 81052907 | D6: ='GS DATA'!J6 -> VV59 (주)지에스리테일엠투엠광주 | E6: =VLOOKUP(D6,'GS 점포명'!A:B,2,0) -> 81052907 | F6: ='GS DATA'!M6 -> 8809020343744 | G6: =VLOOKUP($F6,'GS 제품코드'!$A:$C,3,0) -> ME00621CCP | H6: ='GS DATA'!L6 -> 아크네스)퍼펙트스팟패치(18매) | I6: ='GS DATA'!Q6 -> 40 | J6: ='GS DATA'!S6 -> 1432 | K6: =I6*J6 -> 57280
A7: ='GS DATA'!X7 -> 46106 | B7: ='GS DATA'!J7 -> VV59 (주)지에스리테일엠투엠광주 | C7: =VLOOKUP(B7,'GS 점포명'!A:B,2,0) -> 81052907 | D7: ='GS DATA'!J7 -> VV59 (주)지에스리테일엠투엠광주 | E7: =VLOOKUP(D7,'GS 점포명'!A:B,2,0) -> 81052907 | F7: ='GS DATA'!M7 -> 8809020345229 | G7: =VLOOKUP($F7,'GS 제품코드'!$A:$C,3,0) -> ME00421300 | H7: ='GS DATA'!L7 -> 멘소래담)스프레이핫타입180ML | I7: ='GS DATA'!Q7 -> 16 | J7: ='GS DATA'!S7 -> 2560 | K7: =I7*J7 -> 40960
A8: ='GS DATA'!X8 -> 46106 | B8: ='GS DATA'!J8 -> VV24 (주)지에스리테일(세윤CVS) | C8: =VLOOKUP(B8,'GS 점포명'!A:B,2,0) -> 81052903 | D8: ='GS DATA'!J8 -> VV24 (주)지에스리테일(세윤CVS) | E8: =VLOOKUP(D8,'GS 점포명'!A:B,2,0) -> 81052903 | F8: ='GS DATA'!M8 -> 8809020345212 | G8: =VLOOKUP($F8,'GS 제품코드'!$A:$C,3,0) -> ME00421185 | H8: ='GS DATA'!L8 -> 멘소래담)스프레이쿨타입180ML | I8: ='GS DATA'!Q8 -> 16 | J8: ='GS DATA'!S8 -> 2349 | K8: =I8*J8 -> 37584
A9: ='GS DATA'!X9 -> 46106 | B9: ='GS DATA'!J9 -> VV24 (주)지에스리테일(세윤CVS) | C9: =VLOOKUP(B9,'GS 점포명'!A:B,2,0) -> 81052903 | D9: ='GS DATA'!J9 -> VV24 (주)지에스리테일(세윤CVS) | E9: =VLOOKUP(D9,'GS 점포명'!A:B,2,0) -> 81052903 | F9: ='GS DATA'!M9 -> 8809020345229 | G9: =VLOOKUP($F9,'GS 제품코드'!$A:$C,3,0) -> ME00421300 | H9: ='GS DATA'!L9 -> 멘소래담)스프레이핫타입180ML | I9: ='GS DATA'!Q9 -> 16 | J9: ='GS DATA'!S9 -> 2560 | K9: =I9*J9 -> 40960
A10: ='GS DATA'!X10 -> 46106 | B10: ='GS DATA'!J10 -> VV24 (주)지에스리테일(세윤CVS) | C10: =VLOOKUP(B10,'GS 점포명'!A:B,2,0) -> 81052903 | D10: ='GS DATA'!J10 -> VV24 (주)지에스리테일(세윤CVS) | E10: =VLOOKUP(D10,'GS 점포명'!A:B,2,0) -> 81052903 | F10: ='GS DATA'!M10 -> 8809020344024 | G10: =VLOOKUP($F10,'GS 제품코드'!$A:$C,3,0) -> ME00621FCC | H10: ='GS DATA'!L10 -> 아크네스)포맨올인원로션150ML | I10: ='GS DATA'!Q10 -> 12 | J10: ='GS DATA'!S10 -> 4725 | K10: =I10*J10 -> 56700
A11: ='GS DATA'!X11 -> 46106 | B11: ='GS DATA'!J11 -> VV08 (주)지에스리테일(라인중부) | C11: =VLOOKUP(B11,'GS 점포명'!A:B,2,0) -> 81052902 | D11: ='GS DATA'!J11 -> VV08 (주)지에스리테일(라인중부) | E11: =VLOOKUP(D11,'GS 점포명'!A:B,2,0) -> 81052902 | F11: ='GS DATA'!M11 -> 8809020343744 | G11: =VLOOKUP($F11,'GS 제품코드'!$A:$C,3,0) -> ME00621CCP | H11: ='GS DATA'!L11 -> 아크네스)퍼펙트스팟패치(18매) | I11: ='GS DATA'!Q11 -> 80 | J11: ='GS DATA'!S11 -> 1432 | K11: =I11*J11 -> 114560
A12: ='GS DATA'!X12 -> 46106 | B12: ='GS DATA'!J12 -> VV08 (주)지에스리테일(라인중부) | C12: =VLOOKUP(B12,'GS 점포명'!A:B,2,0) -> 81052902 | D12: ='GS DATA'!J12 -> VV08 (주)지에스리테일(라인중부) | E12: =VLOOKUP(D12,'GS 점포명'!A:B,2,0) -> 81052902 | F12: ='GS DATA'!M12 -> 8809020345212 | G12: =VLOOKUP($F12,'GS 제품코드'!$A:$C,3,0) -> ME00421185 | H12: ='GS DATA'!L12 -> 멘소래담)스프레이쿨타입180ML | I12: ='GS DATA'!Q12 -> 48 | J12: ='GS DATA'!S12 -> 2349 | K12: =I12*J12 -> 112752
A13: ='GS DATA'!X13 -> 46106 | B13: ='GS DATA'!J13 -> VV06 (주)지에스리테일(라인물류) | C13: =VLOOKUP(B13,'GS 점포명'!A:B,2,0) -> 81052901 | D13: ='GS DATA'!J13 -> VV06 (주)지에스리테일(라인물류) | E13: =VLOOKUP(D13,'GS 점포명'!A:B,2,0) -> 81052901 | F13: ='GS DATA'!M13 -> 8809020343744 | G13: =VLOOKUP($F13,'GS 제품코드'!$A:$C,3,0) -> ME00621CCP | H13: ='GS DATA'!L13 -> 아크네스)퍼펙트스팟패치(18매) | I13: ='GS DATA'!Q13 -> 40 | J13: ='GS DATA'!S13 -> 1432 | K13: =I13*J13 -> 57280
A14: ='GS DATA'!X14 -> 46106 | B14: ='GS DATA'!J14 -> VV06 (주)지에스리테일(라인물류) | C14: =VLOOKUP(B14,'GS 점포명'!A:B,2,0) -> 81052901 | D14: ='GS DATA'!J14 -> VV06 (주)지에스리테일(라인물류) | E14: =VLOOKUP(D14,'GS 점포명'!A:B,2,0) -> 81052901 | F14: ='GS DATA'!M14 -> 8809020345212 | G14: =VLOOKUP($F14,'GS 제품코드'!$A:$C,3,0) -> ME00421185 | H14: ='GS DATA'!L14 -> 멘소래담)스프레이쿨타입180ML | I14: ='GS DATA'!Q14 -> 16 | J14: ='GS DATA'!S14 -> 2349 | K14: =I14*J14 -> 37584
A15: ='GS DATA'!X15 -> 46106 | B15: ='GS DATA'!J15 -> VV06 (주)지에스리테일(라인물류) | C15: =VLOOKUP(B15,'GS 점포명'!A:B,2,0) -> 81052901 | D15: ='GS DATA'!J15 -> VV06 (주)지에스리테일(라인물류) | E15: =VLOOKUP(D15,'GS 점포명'!A:B,2,0) -> 81052901 | F15: ='GS DATA'!M15 -> 8809020344024 | G15: =VLOOKUP($F15,'GS 제품코드'!$A:$C,3,0) -> ME00621FCC | H15: ='GS DATA'!L15 -> 아크네스)포맨올인원로션150ML | I15: ='GS DATA'!Q15 -> 12 | J15: ='GS DATA'!S15 -> 4725 | K15: =I15*J15 -> 56700
... A399: ='GS DATA'!X399 -> 0 | B399: ='GS DATA'!J399 -> 0 | C399: =VLOOKUP(B399,'GS 점포명'!A:B,2,0) -> #N/A | D399: ='GS DATA'!J399 -> 0 | E399: =VLOOKUP(D399,'GS 점포명'!A:B,2,0) -> #N/A | F399: ='GS DATA'!M399 -> 0 | G399: =VLOOKUP($F399,'GS 제품코드'!$A:$C,3,0) -> #N/A | H399: ='GS DATA'!L399 -> 0 | I399: ='GS DATA'!Q399 -> 0 | J399: ='GS DATA'!S399 -> 0 | K399: =I399*J399 -> 0

Sheet GS 제품코드
A1: 바코드 | B1: 상품명 | C1: 제품코드 | D1: 원가 | I1: 점포명 | J1: 점포코드
A2: 8809020345212 | B2: 맨소레담)스프레이파스180ML | C2: ME00421185 | D2: 2345 | H2: 8809020345212 | I2: VV06 (주)지에스리테일(라인물류) | J2: 81052901
A3: 8809020345229 | B3: 맨소레담)스프레이파스레드 | C3: ME00421300 | D3: 2345 | H3: 8809020348978 | I3: VV08 (주)지에스리테일(라인중부) | J3: 81052902
A4: 8809020348978 | B4: 맨소래담)딥앤쿨 스프레이 150ml*16입 | C4: ME00421150 | D4: 2700 | H4: 8809020341054 | I4: VV24 (주)지에스리테일(세윤CVS) | J4: 81052903
A5: 8809020346509 | B5: 아크네스 포밍워시 200ml (인케이스) | C5: ME90621A01 | H5: 8809020341207 | I5: VA06 (주)지에스리테일제주센터 | J5: 81052904
A6: 8809020346592 | B6: 아크네스 데일리 딥 클렌저(6입) | C6: ME90621A06 | I6: VV56 (주)지에스리테일(세윤제주) | J6: 81052906
A7: 8809020346561 | B7: 아크네스 스팟 클리어 젤 18g | C7: ME00621AT6 | I7: VV59 (주)지에스리테일엠투엠광주 | J7: 81052907
A8: 8809020346547 | B8: 아크네스 모이스처 로션 120ml | C8: ME00621AML | E8: 5096 | I8: VV61 ㈜지에스리테일엠투엠경산 | J8: 81052908
A9: 8809020341207 | B9: 멘소래담)롤온로션50ML | C9: ME80421DRD | D9: 4050 | E9: 5/25 발주추가 | I9: ㈜지에스리테일 (GS25 인천도화물류) | J9: 81052910
A10: 8809020341054 | B10: 소프트립스프렌치바닐라립밤 | C10: ME81921SSV | E10: 10월 | I10: VV73 (주)지에스리테일(라인물류2 | J10: 81052912
A11: 8809020341061 | B11: 소프트립스 라즈베리 립밤 (48입) | C11: ME81921SRR | I11: VA82 지에스리테일고촌비식품 | J11: 81033010
A12: 8809020343744 | B12: 아크네스 퍼펙트 솔루션 스팟 패치 18매(40입) | C12: ME00621CCP
A13: 8809020344024 | B13: 아크네스)포맨올인원로션150ML | C13: ME00621FCC
A14: 8809020344468 | B14: 립아이스 틴티드 컬러 레드 (2022) | C14: ME90521LT7

Sheet GS 점포명
A1: 점포명 | B1: 점포코드
A2: VV06 (주)지에스리테일(라인물류) | B2: 81052901
A3: VV08 (주)지에스리테일(라인중부) | B3: 81052902
A4: VV24 (주)지에스리테일(세윤CVS) | B4: 81052903
A5: VA06 (주)지에스리테일제주센터 | B5: 81052904
A6: VV56 (주)지에스리테일(세윤제주) | B6: 81052906
A7: VV59 (주)지에스리테일엠투엠광주 | B7: 81052907
A8: VV61 ㈜지에스리테일엠투엠경산 | B8: 81052908
A9: ㈜지에스리테일 (GS25 인천도화물류) | B9: 81052910
A10: VV73 (주)지에스리테일(라인물류2 | B10: 81052912
A11: VA82 지에스리테일고촌비식품 | B11: 81033010
