Workbook
Name 지우기: '210311 (3)'!$A:$I
Name 지우기: #REF!

Sheet 210311 (3)
A1: 주문서 리스트 | J1: 점포명 | L1: 점포코드 | N1: ME00421185 | O1: 멘소래담 스프레이 쿨 180mL 16입 (New 2021) | P1: 16 | Q1: MC22-04 로 츨고
A2: 협력업체명 | B2: 맨소래덤아시아퍼시픽 주식회사 | E2: 작성일자 | F2: 2026-03-24 | J2: (주)코리아세븐 | L2: 81032000 | N2: bill to 고정
A3: 원가지준 : 단위 (원)
A5: 문서명 | B5: 문서번호 | C5: 주문구분 | D5: 송신자 | E5: 주문일 | F5: 점포(센터) | G5: 아이템갯수 | H5: 납품일 | I5: 센터입하일 | J5: 발주처코드 | L5: 배송코드 | M5: 배송지 | N5: 상품코드 | O5: 상품명 | P5: UNIT수량 | Q5: UNIT단가 | R5: 금 액
A6: ORDERS | B6: 2.0093203e+17 | C6: 통상 | D6: (주)코리아세븐 | E6: 2026-03-24 | F6: (주)코리아세븐 이천HUB(B)센터 | G6: 1 | H6: 2026-03-25 | I6: 2026-03-25 | J6: =$L$2 -> 81032000 | L6: =IFERROR(VLOOKUP(D6,마스터!$R$4:$S$40,2,0),"") | M6: =VLOOKUP(L6,마스터!S:T,2,0) -> #N/A | N6: =IFERROR(VLOOKUP(B6,마스터!$A$2:$B$8,2,0),"") | O6: =VLOOKUP(N6,마스터!$B$1:$G$8,2,0) -> #N/A | P6: =IFERROR(F6*G6,"") | Q6: =H6 -> 2026-03-25 | R6: =I6 -> 2026-03-25
A7: 상품코드 | B7: 판매코드 | C7: 상품명 | D7: 점포명 | E7: 규격 | F7: 입수 | G7: 주문수 | H7: 단가 | I7: 주문금액 | J7: =$L$2 -> 81032000 | L7: =IFERROR(VLOOKUP(D7,마스터!$R$4:$S$40,2,0),"") | M7: =VLOOKUP(L7,마스터!S:T,2,0) -> #N/A | N7: =IFERROR(VLOOKUP(B7,마스터!$A$2:$B$8,2,0),"") | O7: =VLOOKUP(N7,마스터!$B$1:$G$8,2,0) -> #N/A | P7: =IFERROR(F7*G7,"") | Q7: =H7 -> 단가 | R7: =I7 -> 주문금액
A8: 134550 | B8: 8809020343744 | C8: 아크네스)퍼펙트솔루션 스팟패치18매_H | D8: 20093((주)코리아세븐 이천HUB(B)센터) | E8: 1매 | F8: 40 | G8: 1 | H8: 1025 | I8: 41000 | J8: =$L$2 -> 81032000 | L8: =IFERROR(VLOOKUP(D8,마스터!$R$4:$S$80,2,0),"") -> 81010975 | M8: =VLOOKUP(L8,마스터!S:T,2,0) -> 20093((주)코리아세븐 이천HUB(B)센터) | N8: =IFERROR(VLOOKUP(B8,마스터!$A$2:$B$8,2,0),"") -> ME00621CCP | O8: =VLOOKUP(N8,마스터!$B$1:$G$8,2,0) -> 편의점용) 아크네스 퍼펙트 솔루션 스팟패치 18매 | P8: =IFERROR(F8*G8,"") -> 40 | Q8: =H8 -> 1025 | R8: =I8 -> 41000
A9: 합계 | G9: 1 | I9: 41000 | J9: =$L$2 -> 81032000 | L9: =IFERROR(VLOOKUP(D9,마스터!$R$4:$S$80,2,0),"") | M9: =VLOOKUP(L9,마스터!S:T,2,0) -> #N/A | N9: =IFERROR(VLOOKUP(B9,마스터!$A$2:$B$8,2,0),"") | O9: =VLOOKUP(N9,마스터!$B$1:$G$8,2,0) -> #N/A | P9: =IFERROR(F9*G9,"") -> 0 | Q9: =H9 -> 0 | R9: =I9 -> 41000
J10: =$L$2 -> 81032000 | L10: =IFERROR(VLOOKUP(D10,마스터!$R$4:$S$40,2,0),"") | M10: =VLOOKUP(L10,마스터!S:T,2,0) -> #N/A | N10: =IFERROR(VLOOKUP(B10,마스터!$A$2:$B$8,2,0),"") | O10: =VLOOKUP(N10,마스터!$B$1:$G$8,2,0) -> #N/A | P10: =IFERROR(F10*G10,"") -> 0 | Q10: =H10 -> 0 | R10: =I10 -> 0
J11: =$L$2 -> 81032000 | L11: =IFERROR(VLOOKUP(D11,마스터!$R$4:$S$40,2,0),"") | M11: =VLOOKUP(L11,마스터!S:T,2,0) -> #N/A | N11: =IFERROR(VLOOKUP(B11,마스터!$A$2:$B$8,2,0),"") | O11: =VLOOKUP(N11,마스터!$B$1:$G$8,2,0) -> #N/A | P11: =IFERROR(F11*G11,"") -> 0 | Q11: =H11 -> 0 | R11: =I11 -> 0
J12: =$L$2 -> 81032000 | L12: =IFERROR(VLOOKUP(D12,마스터!$R$4:$S$40,2,0),"") | M12: =VLOOKUP(L12,마스터!S:T,2,0) -> #N/A | N12: =IFERROR(VLOOKUP(B12,마스터!$A$2:$B$8,2,0),"") | O12: =VLOOKUP(N12,마스터!$B$1:$G$8,2,0) -> #N/A | P12: =IFERROR(F12*G12,"") -> 0 | Q12: =H12 -> 0 | R12: =I12 -> 0
J13: =$L$2 -> 81032000 | L13: =IFERROR(VLOOKUP(D13,마스터!$R$4:$S$40,2,0),"") | M13: =VLOOKUP(L13,마스터!S:T,2,0) -> #N/A | N13: =IFERROR(VLOOKUP(B13,마스터!$A$2:$B$8,2,0),"") | O13: =VLOOKUP(N13,마스터!$B$1:$G$8,2,0) -> #N/A | P13: =IFERROR(F13*G13,"") -> 0 | Q13: =H13 -> 0 | R13: =I13 -> 0
J14: =$L$2 -> 81032000 | L14: =IFERROR(VLOOKUP(D14,마스터!$R$4:$S$40,2,0),"") | M14: =VLOOKUP(L14,마스터!S:T,2,0) -> #N/A | N14: =IFERROR(VLOOKUP(B14,마스터!$A$2:$B$8,2,0),"") | O14: =VLOOKUP(N14,마스터!$B$1:$G$8,2,0) -> #N/A | P14: =IFERROR(F14*G14,"") -> 0 | Q14: =H14 -> 0 | R14: =I14 -> 0
J15: =$L$2 -> 81032000 | L15: =IFERROR(VLOOKUP(D15,마스터!$R$4:$S$80,2,0),"") | M15: =VLOOKUP(L15,마스터!S:T,2,0) -> #N/A | N15: =IFERROR(VLOOKUP(B15,마스터!$A$2:$B$8,2,0),"") | O15: =VLOOKUP(N15,마스터!$B$1:$G$8,2,0) -> #N/A | P15: =IFERROR(F15*G15,"") -> 0 | Q15: =H15 -> 0 | R15: =I15 -> 0
J16: =$L$2 -> 81032000 | L16: =IFERROR(VLOOKUP(D16,마스터!$R$4:$S$80,2,0),"") | M16: =VLOOKUP(L16,마스터!S:T,2,0) -> #N/A | N16: =IFERROR(VLOOKUP(B16,마스터!$A$2:$B$8,2,0),"") | O16: =VLOOKUP(N16,마스터!$B$1:$G$8,2,0) -> #N/A | P16: =IFERROR(F16*G16,"") -> 0 | Q16: =H16 -> 0 | R16: =I16 -> 0
J17: =$L$2 -> 81032000 | L17: =IFERROR(VLOOKUP(D17,마스터!$R$4:$S$80,2,0),"") | M17: =VLOOKUP(L17,마스터!S:T,2,0) -> #N/A | N17: =IFERROR(VLOOKUP(B17,마스터!$A$2:$B$8,2,0),"") | O17: =VLOOKUP(N17,마스터!$B$1:$G$8,2,0) -> #N/A | P17: =IFERROR(F17*G17,"") -> 0 | Q17: =H17 -> 0 | R17: =I17 -> 0
J18: =$L$2 -> 81032000 | L18: =IFERROR(VLOOKUP(D18,마스터!$R$4:$S$40,2,0),"") | M18: =VLOOKUP(L18,마스터!S:T,2,0) -> #N/A | N18: =IFERROR(VLOOKUP(B18,마스터!$A$2:$B$8,2,0),"") | O18: =VLOOKUP(N18,마스터!$B$1:$G$8,2,0) -> #N/A | P18: =IFERROR(F18*G18,"") -> 0 | Q18: =H18 -> 0 | R18: =I18 -> 0
J19: =$L$2 -> 81032000 | L19: =IFERROR(VLOOKUP(D19,마스터!$R$4:$S$40,2,0),"") | M19: =VLOOKUP(L19,마스터!S:T,2,0) -> #N/A | N19: =IFERROR(VLOOKUP(B19,마스터!$A$2:$B$8,2,0),"") | O19: =VLOOKUP(N19,마스터!$B$1:$G$8,2,0) -> #N/A | P19: =IFERROR(F19*G19,"") -> 0 | Q19: =H19 -> 0 | R19: =I19 -> 0
J20: =$L$2 -> 81032000 | L20: =IFERROR(VLOOKUP(D20,마스터!$R$4:$S$40,2,0),"") | M20: =VLOOKUP(L20,마스터!S:T,2,0) -> #N/A | N20: =IFERROR(VLOOKUP(B20,마스터!$A$2:$B$8,2,0),"") | O20: =VLOOKUP(N20,마스터!$B$1:$G$8,2,0) -> #N/A | P20: =IFERROR(F20*G20,"") -> 0 | Q20: =H20 -> 0 | R20: =I20 -> 0
J21: =$L$2 -> 81032000 | L21: =IFERROR(VLOOKUP(D21,마스터!$R$4:$S$40,2,0),"") | M21: =VLOOKUP(L21,마스터!S:T,2,0) -> #N/A | N21: =IFERROR(VLOOKUP(B21,마스터!$A$2:$B$8,2,0),"") | O21: =VLOOKUP(N21,마스터!$B$1:$G$8,2,0) -> #N/A | P21: =IFERROR(F21*G21,"") -> 0 | Q21: =H21 -> 0 | R21: =I21 -> 0
J22: =$L$2 -> 81032000 | L22: =IFERROR(VLOOKUP(D22,마스터!$R$4:$S$80,2,0),"") | M22: =VLOOKUP(L22,마스터!S:T,2,0) -> #N/A | N22: =IFERROR(VLOOKUP(B22,마스터!$A$2:$B$8,2,0),"") | O22: =VLOOKUP(N22,마스터!$B$1:$G$8,2,0) -> #N/A | P22: =IFERROR(F22*G22,"") -> 0 | Q22: =H22 -> 0 | R22: =I22 -> 0
J23: =$L$2 -> 81032000 | L23: =IFERROR(VLOOKUP(D23,마스터!$R$4:$S$80,2,0),"") | M23: =VLOOKUP(L23,마스터!S:T,2,0) -> #N/A | N23: =IFERROR(VLOOKUP(B23,마스터!$A$2:$B$8,2,0),"") | O23: =VLOOKUP(N23,마스터!$B$1:$G$8,2,0) -> #N/A | P23: =IFERROR(F23*G23,"") -> 0 | Q23: =H23 -> 0 | R23: =I23 -> 0
J24: =$L$2 -> 81032000 | L24: =IFERROR(VLOOKUP(D24,마스터!$R$4:$S$80,2,0),"") | M24: =VLOOKUP(L24,마스터!S:T,2,0) -> #N/A | N24: =IFERROR(VLOOKUP(B24,마스터!$A$2:$B$8,2,0),"") | O24: =VLOOKUP(N24,마스터!$B$1:$G$8,2,0) -> #N/A | P24: =IFERROR(F24*G24,"") -> 0 | Q24: =H24 -> 0 | R24: =I24 -> 0
J25: =$L$2 -> 81032000 | L25: =IFERROR(VLOOKUP(D25,마스터!$R$4:$S$80,2,0),"") | M25: =VLOOKUP(L25,마스터!S:T,2,0) -> #N/A | N25: =IFERROR(VLOOKUP(B25,마스터!$A$2:$B$8,2,0),"") | O25: =VLOOKUP(N25,마스터!$B$1:$G$8,2,0) -> #N/A | P25: =IFERROR(F25*G25,"") -> 0 | Q25: =H25 -> 0 | R25: =I25 -> 0
J26: =$L$2 -> 81032000 | L26: =IFERROR(VLOOKUP(D26,마스터!$R$4:$S$40,2,0),"") | M26: =VLOOKUP(L26,마스터!S:T,2,0) -> #N/A | N26: =IFERROR(VLOOKUP(B26,마스터!$A$2:$B$8,2,0),"") | O26: =VLOOKUP(N26,마스터!$B$1:$G$8,2,0) -> #N/A | P26: =IFERROR(F26*G26,"") -> 0 | Q26: =H26 -> 0 | R26: =I26 -> 0
J27: =$L$2 -> 81032000 | L27: =IFERROR(VLOOKUP(D27,마스터!$R$4:$S$40,2,0),"") | M27: =VLOOKUP(L27,마스터!S:T,2,0) -> #N/A | N27: =IFERROR(VLOOKUP(B27,마스터!$A$2:$B$8,2,0),"") | O27: =VLOOKUP(N27,마스터!$B$1:$G$8,2,0) -> #N/A | P27: =IFERROR(F27*G27,"") -> 0 | Q27: =H27 -> 0 | R27: =I27 -> 0
J28: =$L$2 -> 81032000 | L28: =IFERROR(VLOOKUP(D28,마스터!$R$4:$S$40,2,0),"") | M28: =VLOOKUP(L28,마스터!S:T,2,0) -> #N/A | N28: =IFERROR(VLOOKUP(B28,마스터!$A$2:$B$8,2,0),"") | O28: =VLOOKUP(N28,마스터!$B$1:$G$8,2,0) -> #N/A | P28: =IFERROR(F28*G28,"") -> 0 | Q28: =H28 -> 0 | R28: =I28 -> 0
J29: =$L$2 -> 81032000 | L29: =IFERROR(VLOOKUP(D29,마스터!$R$4:$S$80,2,0),"") | M29: =VLOOKUP(L29,마스터!S:T,2,0) -> #N/A | N29: =IFERROR(VLOOKUP(B29,마스터!$A$2:$B$8,2,0),"") | O29: =VLOOKUP(N29,마스터!$B$1:$G$8,2,0) -> #N/A | P29: =IFERROR(F29*G29,"") -> 0 | Q29: =H29 -> 0 | R29: =I29 -> 0
J30: =$L$2 -> 81032000 | L30: =IFERROR(VLOOKUP(D30,마스터!$R$4:$S$80,2,0),"") | M30: =VLOOKUP(L30,마스터!S:T,2,0) -> #N/A | N30: =IFERROR(VLOOKUP(B30,마스터!$A$2:$B$8,2,0),"") | O30: =VLOOKUP(N30,마스터!$B$1:$G$8,2,0) -> #N/A | P30: =IFERROR(F30*G30,"") -> 0 | Q30: =H30 -> 0 | R30: =I30 -> 0
J31: =$L$2 -> 81032000 | L31: =IFERROR(VLOOKUP(D31,마스터!$R$4:$S$80,2,0),"") | M31: =VLOOKUP(L31,마스터!S:T,2,0) -> #N/A | N31: =IFERROR(VLOOKUP(B31,마스터!$A$2:$B$8,2,0),"") | O31: =VLOOKUP(N31,마스터!$B$1:$G$8,2,0) -> #N/A | P31: =IFERROR(F31*G31,"") -> 0 | Q31: =H31 -> 0 | R31: =I31 -> 0
J32: =$L$2 -> 81032000 | L32: =IFERROR(VLOOKUP(D32,마스터!$R$4:$S$80,2,0),"") | M32: =VLOOKUP(L32,마스터!S:T,2,0) -> #N/A | N32: =IFERROR(VLOOKUP(B32,마스터!$A$2:$B$8,2,0),"") | O32: =VLOOKUP(N32,마스터!$B$1:$G$8,2,0) -> #N/A | P32: =IFERROR(F32*G32,"") -> 0 | Q32: =H32 -> 0 | R32: =I32 -> 0
J33: =$L$2 -> 81032000 | L33: =IFERROR(VLOOKUP(D33,마스터!$R$4:$S$80,2,0),"") | M33: =VLOOKUP(L33,마스터!S:T,2,0) -> #N/A | N33: =IFERROR(VLOOKUP(B33,마스터!$A$2:$B$8,2,0),"") | O33: =VLOOKUP(N33,마스터!$B$1:$G$8,2,0) -> #N/A | P33: =IFERROR(F33*G33,"") -> 0 | Q33: =H33 -> 0 | R33: =I33 -> 0
J34: =$L$2 -> 81032000 | L34: =IFERROR(VLOOKUP(D34,마스터!$R$4:$S$40,2,0),"") | M34: =VLOOKUP(L34,마스터!S:T,2,0) -> #N/A | N34: =IFERROR(VLOOKUP(B34,마스터!$A$2:$B$8,2,0),"") | O34: =VLOOKUP(N34,마스터!$B$1:$G$8,2,0) -> #N/A | P34: =IFERROR(F34*G34,"") -> 0 | Q34: =H34 -> 0 | R34: =I34 -> 0
J35: =$L$2 -> 81032000 | L35: =IFERROR(VLOOKUP(D35,마스터!$R$4:$S$40,2,0),"") | M35: =VLOOKUP(L35,마스터!S:T,2,0) -> #N/A | N35: =IFERROR(VLOOKUP(B35,마스터!$A$2:$B$8,2,0),"") | O35: =VLOOKUP(N35,마스터!$B$1:$G$8,2,0) -> #N/A | P35: =IFERROR(F35*G35,"") -> 0 | Q35: =H35 -> 0 | R35: =I35 -> 0
J36: =$L$2 -> 81032000 | L36: =IFERROR(VLOOKUP(D36,마스터!$R$4:$S$80,2,0),"") | M36: =VLOOKUP(L36,마스터!S:T,2,0) -> #N/A | N36: =IFERROR(VLOOKUP(B36,마스터!$A$2:$B$8,2,0),"") | O36: =VLOOKUP(N36,마스터!$B$1:$G$8,2,0) -> #N/A | P36: =IFERROR(F36*G36,"") -> 0 | Q36: =H36 -> 0 | R36: =I36 -> 0
J37: =$L$2 -> 81032000 | L37: =IFERROR(VLOOKUP(D37,마스터!$R$4:$S$80,2,0),"") | M37: =VLOOKUP(L37,마스터!S:T,2,0) -> #N/A | N37: =IFERROR(VLOOKUP(B37,마스터!$A$2:$B$8,2,0),"") | O37: =VLOOKUP(N37,마스터!$B$1:$G$8,2,0) -> #N/A | P37: =IFERROR(F37*G37,"") -> 0 | Q37: =H37 -> 0 | R37: =I37 -> 0
J38: =$L$2 -> 81032000 | L38: =IFERROR(VLOOKUP(D38,마스터!$R$4:$S$80,2,0),"") | M38: =VLOOKUP(L38,마스터!S:T,2,0) -> #N/A | N38: =IFERROR(VLOOKUP(B38,마스터!$A$2:$B$8,2,0),"") | O38: =VLOOKUP(N38,마스터!$B$1:$G$8,2,0) -> #N/A | P38: =IFERROR(F38*G38,"") -> 0 | Q38: =H38 -> 0 | R38: =I38 -> 0
J39: =$L$2 -> 81032000 | L39: =IFERROR(VLOOKUP(D39,마스터!$R$4:$S$80,2,0),"") | M39: =VLOOKUP(L39,마스터!S:T,2,0) -> #N/A | N39: =IFERROR(VLOOKUP(B39,마스터!$A$2:$B$8,2,0),"") | O39: =VLOOKUP(N39,마스터!$B$1:$G$8,2,0) -> #N/A | P39: =IFERROR(F39*G39,"") -> 0 | Q39: =H39 -> 0 | R39: =I39 -> 0
J40: =$L$2 -> 81032000 | L40: =IFERROR(VLOOKUP(D40,마스터!$R$4:$S$80,2,0),"") | M40: =VLOOKUP(L40,마스터!S:T,2,0) -> #N/A | N40: =IFERROR(VLOOKUP(B40,마스터!$A$2:$B$8,2,0),"") | O40: =VLOOKUP(N40,마스터!$B$1:$G$8,2,0) -> #N/A | P40: =IFERROR(F40*G40,"") -> 0 | Q40: =H40 -> 0 | R40: =I40 -> 0
J41: =$L$2 -> 81032000 | L41: =IFERROR(VLOOKUP(D41,마스터!$R$4:$S$80,2,0),"") | M41: =VLOOKUP(L41,마스터!S:T,2,0) -> #N/A | N41: =IFERROR(VLOOKUP(B41,마스터!$A$2:$B$8,2,0),"") | O41: =VLOOKUP(N41,마스터!$B$1:$G$8,2,0) -> #N/A | P41: =IFERROR(F41*G41,"") -> 0 | Q41: =H41 -> 0 | R41: =I41 -> 0
J42: =$L$2 -> 81032000 | L42: =IFERROR(VLOOKUP(D42,마스터!$R$4:$S$40,2,0),"") | M42: =VLOOKUP(L42,마스터!S:T,2,0) -> #N/A | N42: =IFERROR(VLOOKUP(B42,마스터!$A$2:$B$8,2,0),"") | O42: =VLOOKUP(N42,마스터!$B$1:$G$8,2,0) -> #N/A | P42: =IFERROR(F42*G42,"") -> 0 | Q42: =H42 -> 0 | R42: =I42 -> 0
J43: =$L$2 -> 81032000 | L43: =IFERROR(VLOOKUP(D43,마스터!$R$4:$S$80,2,0),"") | M43: =VLOOKUP(L43,마스터!S:T,2,0) -> #N/A | N43: =IFERROR(VLOOKUP(B43,마스터!$A$2:$B$8,2,0),"") | O43: =VLOOKUP(N43,마스터!$B$1:$G$8,2,0) -> #N/A | P43: =IFERROR(F43*G43,"") -> 0 | Q43: =H43 -> 0 | R43: =I43 -> 0
J44: =$L$2 -> 81032000 | L44: =IFERROR(VLOOKUP(D44,마스터!$R$4:$S$59,2,0),"") | M44: =VLOOKUP(L44,마스터!S:T,2,0) -> #N/A | N44: =IFERROR(VLOOKUP(B44,마스터!$A$2:$B$8,2,0),"") | O44: =VLOOKUP(N44,마스터!$B$1:$G$8,2,0) -> #N/A | P44: =IFERROR(F44*G44,"") -> 0 | Q44: =H44 -> 0 | R44: =I44 -> 0
J45: =$L$2 -> 81032000 | L45: =IFERROR(VLOOKUP(D45,마스터!$R$4:$S$59,2,0),"") | M45: =VLOOKUP(L45,마스터!S:T,2,0) -> #N/A | N45: =IFERROR(VLOOKUP(B45,마스터!$A$2:$B$8,2,0),"") | O45: =VLOOKUP(N45,마스터!$B$1:$G$8,2,0) -> #N/A | P45: =IFERROR(F45*G45,"") -> 0 | Q45: =H45 -> 0 | R45: =I45 -> 0
J46: =$L$2 -> 81032000 | L46: =IFERROR(VLOOKUP(D46,마스터!$R$4:$S$80,2,0),"") | M46: =VLOOKUP(L46,마스터!S:T,2,0) -> #N/A | N46: =IFERROR(VLOOKUP(B46,마스터!$A$2:$B$8,2,0),"") | O46: =VLOOKUP(N46,마스터!$B$1:$G$8,2,0) -> #N/A | P46: =IFERROR(F46*G46,"") -> 0 | Q46: =H46 -> 0 | R46: =I46 -> 0
J47: =$L$2 -> 81032000 | L47: =IFERROR(VLOOKUP(D47,마스터!$R$4:$S$80,2,0),"") | M47: =VLOOKUP(L47,마스터!S:T,2,0) -> #N/A | N47: =IFERROR(VLOOKUP(B47,마스터!$A$2:$B$8,2,0),"") | O47: =VLOOKUP(N47,마스터!$B$1:$G$8,2,0) -> #N/A | P47: =IFERROR(F47*G47,"") -> 0 | Q47: =H47 -> 0 | R47: =I47 -> 0
J48: =$L$2 -> 81032000 | L48: =IFERROR(VLOOKUP(D48,마스터!$R$4:$S$80,2,0),"") | M48: =VLOOKUP(L48,마스터!S:T,2,0) -> #N/A | N48: =IFERROR(VLOOKUP(B48,마스터!$A$2:$B$8,2,0),"") | O48: =VLOOKUP(N48,마스터!$B$1:$G$8,2,0) -> #N/A | P48: =IFERROR(F48*G48,"") -> 0 | Q48: =H48 -> 0 | R48: =I48 -> 0
J49: =$L$2 -> 81032000 | L49: =IFERROR(VLOOKUP(D49,마스터!$R$4:$S$80,2,0),"") | M49: =VLOOKUP(L49,마스터!S:T,2,0) -> #N/A | N49: =IFERROR(VLOOKUP(B49,마스터!$A$2:$B$8,2,0),"") | O49: =VLOOKUP(N49,마스터!$B$1:$G$8,2,0) -> #N/A | P49: =IFERROR(F49*G49,"") -> 0 | Q49: =H49 -> 0 | R49: =I49 -> 0
J50: =$L$2 -> 81032000 | L50: =IFERROR(VLOOKUP(D50,마스터!$R$4:$S$80,2,0),"") | M50: =VLOOKUP(L50,마스터!S:T,2,0) -> #N/A | N50: =IFERROR(VLOOKUP(B50,마스터!$A$2:$B$8,2,0),"") | O50: =VLOOKUP(N50,마스터!$B$1:$G$8,2,0) -> #N/A | P50: =IFERROR(F50*G50,"") -> 0 | Q50: =H50 -> 0 | R50: =I50 -> 0
J51: =$L$2 -> 81032000 | L51: =IFERROR(VLOOKUP(D51,마스터!$R$4:$S$60,2,0),"") | M51: =VLOOKUP(L51,마스터!S:T,2,0) -> #N/A | N51: =IFERROR(VLOOKUP(B51,마스터!$A$2:$B$8,2,0),"") | O51: =VLOOKUP(N51,마스터!$B$1:$G$8,2,0) -> #N/A | P51: =IFERROR(F51*G51,"") -> 0 | Q51: =H51 -> 0 | R51: =I51 -> 0
J52: =$L$2 -> 81032000 | L52: =IFERROR(VLOOKUP(D52,마스터!$R$4:$S$59,2,0),"") | M52: =VLOOKUP(L52,마스터!S:T,2,0) -> #N/A | N52: =IFERROR(VLOOKUP(B52,마스터!$A$2:$B$8,2,0),"") | O52: =VLOOKUP(N52,마스터!$B$1:$G$8,2,0) -> #N/A | P52: =IFERROR(F52*G52,"") -> 0 | Q52: =H52 -> 0 | R52: =I52 -> 0
J53: =$L$2 -> 81032000 | L53: =IFERROR(VLOOKUP(D53,마스터!$R$4:$S$59,2,0),"") | M53: =VLOOKUP(L53,마스터!S:T,2,0) -> #N/A | N53: =IFERROR(VLOOKUP(B53,마스터!$A$2:$B$8,2,0),"") | O53: =VLOOKUP(N53,마스터!$B$1:$G$8,2,0) -> #N/A | P53: =IFERROR(F53*G53,"") -> 0 | Q53: =H53 -> 0 | R53: =I53 -> 0
J54: =$L$2 -> 81032000 | L54: =IFERROR(VLOOKUP(D54,마스터!$R$4:$S$80,2,0),"") | M54: =VLOOKUP(L54,마스터!S:T,2,0) -> #N/A | N54: =IFERROR(VLOOKUP(B54,마스터!$A$2:$B$8,2,0),"") | O54: =VLOOKUP(N54,마스터!$B$1:$G$8,2,0) -> #N/A | P54: =IFERROR(F54*G54,"") -> 0 | Q54: =H54 -> 0 | R54: =I54 -> 0
J55: =$L$2 -> 81032000 | L55: =IFERROR(VLOOKUP(D55,마스터!$R$4:$S$80,2,0),"") | M55: =VLOOKUP(L55,마스터!S:T,2,0) -> #N/A | N55: =IFERROR(VLOOKUP(B55,마스터!$A$2:$B$8,2,0),"") | O55: =VLOOKUP(N55,마스터!$B$1:$G$8,2,0) -> #N/A | P55: =IFERROR(F55*G55,"") -> 0 | Q55: =H55 -> 0 | R55: =I55 -> 0
J56: =$L$2 -> 81032000 | L56: =IFERROR(VLOOKUP(D56,마스터!$R$4:$S$80,2,0),"") | M56: =VLOOKUP(L56,마스터!S:T,2,0) -> #N/A | N56: =IFERROR(VLOOKUP(B56,마스터!$A$2:$B$8,2,0),"") | O56: =VLOOKUP(N56,마스터!$B$1:$G$8,2,0) -> #N/A | P56: =IFERROR(F56*G56,"") -> 0 | Q56: =H56 -> 0 | R56: =I56 -> 0
J57: =$L$2 -> 81032000 | L57: =IFERROR(VLOOKUP(D57,마스터!$R$4:$S$80,2,0),"") | M57: =VLOOKUP(L57,마스터!S:T,2,0) -> #N/A | N57: =IFERROR(VLOOKUP(B57,마스터!$A$2:$B$8,2,0),"") | O57: =VLOOKUP(N57,마스터!$B$1:$G$8,2,0) -> #N/A | P57: =IFERROR(F57*G57,"") -> 0 | Q57: =H57 -> 0 | R57: =I57 -> 0
J58: =$L$2 -> 81032000 | L58: =IFERROR(VLOOKUP(D58,마스터!$R$4:$S$40,2,0),"") | M58: =VLOOKUP(L58,마스터!S:T,2,0) -> #N/A | N58: =IFERROR(VLOOKUP(B58,마스터!$A$2:$B$8,2,0),"") | O58: =VLOOKUP(N58,마스터!$B$1:$G$8,2,0) -> #N/A | P58: =IFERROR(F58*G58,"") -> 0 | Q58: =H58 -> 0 | R58: =I58 -> 0
J59: =$L$2 -> 81032000 | L59: =IFERROR(VLOOKUP(D59,마스터!$R$4:$S$40,2,0),"") | M59: =VLOOKUP(L59,마스터!S:T,2,0) -> #N/A | N59: =IFERROR(VLOOKUP(B59,마스터!$A$2:$B$8,2,0),"") | O59: =VLOOKUP(N59,마스터!$B$1:$G$8,2,0) -> #N/A | P59: =IFERROR(F59*G59,"") -> 0 | Q59: =H59 -> 0 | R59: =I59 -> 0
J60: =$L$2 -> 81032000 | L60: =IFERROR(VLOOKUP(D60,마스터!$R$4:$S$59,2,0),"") | M60: =VLOOKUP(L60,마스터!S:T,2,0) -> #N/A | N60: =IFERROR(VLOOKUP(B60,마스터!$A$2:$B$8,2,0),"") | O60: =VLOOKUP(N60,마스터!$B$1:$G$8,2,0) -> #N/A | P60: =IFERROR(F60*G60,"") -> 0 | Q60: =H60 -> 0 | R60: =I60 -> 0
J61: =$L$2 -> 81032000 | L61: =IFERROR(VLOOKUP(D61,마스터!$R$4:$S$59,2,0),"") | M61: =VLOOKUP(L61,마스터!S:T,2,0) -> #N/A | N61: =IFERROR(VLOOKUP(B61,마스터!$A$2:$B$8,2,0),"") | O61: =VLOOKUP(N61,마스터!$B$1:$G$8,2,0) -> #N/A | P61: =IFERROR(F61*G61,"") -> 0 | Q61: =H61 -> 0 | R61: =I61 -> 0
J62: =$L$2 -> 81032000 | L62: =IFERROR(VLOOKUP(D62,마스터!$R$4:$S$40,2,0),"") | M62: =VLOOKUP(L62,마스터!S:T,2,0) -> #N/A | N62: =IFERROR(VLOOKUP(B62,마스터!$A$2:$B$8,2,0),"") | O62: =VLOOKUP(N62,마스터!$B$1:$G$8,2,0) -> #N/A | P62: =IFERROR(F62*G62,"") -> 0 | Q62: =H62 -> 0 | R62: =I62 -> 0
J63: =$L$2 -> 81032000 | L63: =IFERROR(VLOOKUP(D63,마스터!$R$4:$S$40,2,0),"") | M63: =VLOOKUP(L63,마스터!S:T,2,0) -> #N/A | N63: =IFERROR(VLOOKUP(B63,마스터!$A$2:$B$8,2,0),"") | O63: =VLOOKUP(N63,마스터!$B$1:$G$8,2,0) -> #N/A | P63: =IFERROR(F63*G63,"") -> 0 | Q63: =H63 -> 0 | R63: =I63 -> 0
J64: =$L$2 -> 81032000 | L64: =IFERROR(VLOOKUP(D64,마스터!$R$4:$S$80,2,0),"") | M64: =VLOOKUP(L64,마스터!S:T,2,0) -> #N/A | N64: =IFERROR(VLOOKUP(B64,마스터!$A$2:$B$8,2,0),"") | O64: =VLOOKUP(N64,마스터!$B$1:$G$8,2,0) -> #N/A | P64: =IFERROR(F64*G64,"") -> 0 | Q64: =H64 -> 0 | R64: =I64 -> 0
J65: =$L$2 -> 81032000 | L65: =IFERROR(VLOOKUP(D65,마스터!$R$4:$S$40,2,0),"") | M65: =VLOOKUP(L65,마스터!S:T,2,0) -> #N/A | N65: =IFERROR(VLOOKUP(B65,마스터!$A$2:$B$8,2,0),"") | O65: =VLOOKUP(N65,마스터!$B$1:$G$8,2,0) -> #N/A | P65: =IFERROR(F65*G65,"") -> 0 | Q65: =H65 -> 0 | R65: =I65 -> 0
J66: =$L$2 -> 81032000 | L66: =IFERROR(VLOOKUP(D66,마스터!$R$4:$S$40,2,0),"") | M66: =VLOOKUP(L66,마스터!S:T,2,0) -> #N/A | N66: =IFERROR(VLOOKUP(B66,마스터!$A$2:$B$8,2,0),"") | O66: =VLOOKUP(N66,마스터!$B$1:$G$8,2,0) -> #N/A | P66: =IFERROR(F66*G66,"") -> 0 | Q66: =H66 -> 0 | R66: =I66 -> 0
J67: =$L$2 -> 81032000 | L67: =IFERROR(VLOOKUP(D67,마스터!$R$4:$S$40,2,0),"") | M67: =VLOOKUP(L67,마스터!S:T,2,0) -> #N/A | N67: =IFERROR(VLOOKUP(B67,마스터!$A$2:$B$8,2,0),"") | O67: =VLOOKUP(N67,마스터!$B$1:$G$8,2,0) -> #N/A | P67: =IFERROR(F67*G67,"") -> 0 | Q67: =H67 -> 0 | R67: =I67 -> 0
J68: =$L$2 -> 81032000 | L68: =IFERROR(VLOOKUP(D68,마스터!$R$4:$S$59,2,0),"") | M68: =VLOOKUP(L68,마스터!S:T,2,0) -> #N/A | N68: =IFERROR(VLOOKUP(B68,마스터!$A$2:$B$8,2,0),"") | O68: =VLOOKUP(N68,마스터!$B$1:$G$8,2,0) -> #N/A | P68: =IFERROR(F68*G68,"") -> 0 | Q68: =H68 -> 0 | R68: =I68 -> 0
J69: =$L$2 -> 81032000 | L69: =IFERROR(VLOOKUP(D69,마스터!$R$4:$S$59,2,0),"") | M69: =VLOOKUP(L69,마스터!S:T,2,0) -> #N/A | N69: =IFERROR(VLOOKUP(B69,마스터!$A$2:$B$8,2,0),"") | O69: =VLOOKUP(N69,마스터!$B$1:$G$8,2,0) -> #N/A | P69: =IFERROR(F69*G69,"") -> 0 | Q69: =H69 -> 0 | R69: =I69 -> 0
J70: =$L$2 -> 81032000 | L70: =IFERROR(VLOOKUP(D70,마스터!$R$4:$S$40,2,0),"") | M70: =VLOOKUP(L70,마스터!S:T,2,0) -> #N/A | N70: =IFERROR(VLOOKUP(B70,마스터!$A$2:$B$8,2,0),"") | O70: =VLOOKUP(N70,마스터!$B$1:$G$8,2,0) -> #N/A | P70: =IFERROR(F70*G70,"") -> 0 | Q70: =H70 -> 0 | R70: =I70 -> 0
J71: =$L$2 -> 81032000 | L71: =IFERROR(VLOOKUP(D71,마스터!$R$4:$S$80,2,0),"") | M71: =VLOOKUP(L71,마스터!S:T,2,0) -> #N/A | N71: =IFERROR(VLOOKUP(B71,마스터!$A$2:$B$8,2,0),"") | O71: =VLOOKUP(N71,마스터!$B$1:$G$8,2,0) -> #N/A | P71: =IFERROR(F71*G71,"") -> 0 | Q71: =H71 -> 0 | R71: =I71 -> 0
J72: =$L$2 -> 81032000 | L72: =IFERROR(VLOOKUP(D72,마스터!$R$4:$S$40,2,0),"") | M72: =VLOOKUP(L72,마스터!S:T,2,0) -> #N/A | N72: =IFERROR(VLOOKUP(B72,마스터!$A$2:$B$8,2,0),"") | O72: =VLOOKUP(N72,마스터!$B$1:$G$8,2,0) -> #N/A | P72: =IFERROR(F72*G72,"") -> 0 | Q72: =H72 -> 0 | R72: =I72 -> 0
J73: =$L$2 -> 81032000 | L73: =IFERROR(VLOOKUP(D73,마스터!$R$4:$S$40,2,0),"") | M73: =VLOOKUP(L73,마스터!S:T,2,0) -> #N/A | N73: =IFERROR(VLOOKUP(B73,마스터!$A$2:$B$8,2,0),"") | O73: =VLOOKUP(N73,마스터!$B$1:$G$8,2,0) -> #N/A | P73: =IFERROR(F73*G73,"") -> 0 | Q73: =H73 -> 0 | R73: =I73 -> 0
J74: =$L$2 -> 81032000 | L74: =IFERROR(VLOOKUP(D74,마스터!$R$4:$S$40,2,0),"") | M74: =VLOOKUP(L74,마스터!S:T,2,0) -> #N/A | N74: =IFERROR(VLOOKUP(B74,마스터!$A$2:$B$8,2,0),"") | O74: =VLOOKUP(N74,마스터!$B$1:$G$8,2,0) -> #N/A | P74: =IFERROR(F74*G74,"") -> 0 | Q74: =H74 -> 0 | R74: =I74 -> 0
J75: =$L$2 -> 81032000 | L75: =IFERROR(VLOOKUP(D75,마스터!$R$4:$S$40,2,0),"") | M75: =VLOOKUP(L75,마스터!S:T,2,0) -> #N/A | N75: =IFERROR(VLOOKUP(B75,마스터!$A$2:$B$8,2,0),"") | O75: =VLOOKUP(N75,마스터!$B$1:$G$8,2,0) -> #N/A | P75: =IFERROR(F75*G75,"") -> 0 | Q75: =H75 -> 0 | R75: =I75 -> 0
J76: =$L$2 -> 81032000 | L76: =IFERROR(VLOOKUP(D76,마스터!$R$4:$S$59,2,0),"") | M76: =VLOOKUP(L76,마스터!S:T,2,0) -> #N/A | N76: =IFERROR(VLOOKUP(B76,마스터!$A$2:$B$8,2,0),"") | O76: =VLOOKUP(N76,마스터!$B$1:$G$8,2,0) -> #N/A | P76: =IFERROR(F76*G76,"") -> 0 | Q76: =H76 -> 0 | R76: =I76 -> 0
J77: =$L$2 -> 81032000 | L77: =IFERROR(VLOOKUP(D77,마스터!$R$4:$S$59,2,0),"") | M77: =VLOOKUP(L77,마스터!S:T,2,0) -> #N/A | N77: =IFERROR(VLOOKUP(B77,마스터!$A$2:$B$8,2,0),"") | O77: =VLOOKUP(N77,마스터!$B$1:$G$8,2,0) -> #N/A | P77: =IFERROR(F77*G77,"") -> 0 | Q77: =H77 -> 0 | R77: =I77 -> 0
J78: =$L$2 -> 81032000 | L78: =IFERROR(VLOOKUP(D78,마스터!$R$4:$S$80,2,0),"") | M78: =VLOOKUP(L78,마스터!S:T,2,0) -> #N/A | N78: =IFERROR(VLOOKUP(B78,마스터!$A$2:$B$8,2,0),"") | O78: =VLOOKUP(N78,마스터!$B$1:$G$8,2,0) -> #N/A | P78: =IFERROR(F78*G78,"") -> 0 | Q78: =H78 -> 0 | R78: =I78 -> 0
J79: =$L$2 -> 81032000 | L79: =IFERROR(VLOOKUP(D79,마스터!$R$4:$S$40,2,0),"") | M79: =VLOOKUP(L79,마스터!S:T,2,0) -> #N/A | N79: =IFERROR(VLOOKUP(B79,마스터!$A$2:$B$8,2,0),"") | O79: =VLOOKUP(N79,마스터!$B$1:$G$8,2,0) -> #N/A | P79: =IFERROR(F79*G79,"") -> 0 | Q79: =H79 -> 0 | R79: =I79 -> 0
J80: =$L$2 -> 81032000 | L80: =IFERROR(VLOOKUP(D80,마스터!$R$4:$S$40,2,0),"") | M80: =VLOOKUP(L80,마스터!S:T,2,0) -> #N/A | N80: =IFERROR(VLOOKUP(B80,마스터!$A$2:$B$8,2,0),"") | O80: =VLOOKUP(N80,마스터!$B$1:$G$8,2,0) -> #N/A | P80: =IFERROR(F80*G80,"") -> 0 | Q80: =H80 -> 0 | R80: =I80 -> 0
J81: =$L$2 -> 81032000 | L81: =IFERROR(VLOOKUP(D81,마스터!$R$4:$S$40,2,0),"") | M81: =VLOOKUP(L81,마스터!S:T,2,0) -> #N/A | N81: =IFERROR(VLOOKUP(B81,마스터!$A$2:$B$8,2,0),"") | O81: =VLOOKUP(N81,마스터!$B$1:$G$8,2,0) -> #N/A | P81: =IFERROR(F81*G81,"") -> 0 | Q81: =H81 -> 0 | R81: =I81 -> 0
J82: =$L$2 -> 81032000 | L82: =IFERROR(VLOOKUP(D82,마스터!$R$4:$S$40,2,0),"") | M82: =VLOOKUP(L82,마스터!S:T,2,0) -> #N/A | N82: =IFERROR(VLOOKUP(B82,마스터!$A$2:$B$8,2,0),"") | O82: =VLOOKUP(N82,마스터!$B$1:$G$8,2,0) -> #N/A | P82: =IFERROR(F82*G82,"") -> 0 | Q82: =H82 -> 0 | R82: =I82 -> 0
J83: =$L$2 -> 81032000 | L83: =IFERROR(VLOOKUP(D83,마스터!$R$4:$S$40,2,0),"") | M83: =VLOOKUP(L83,마스터!S:T,2,0) -> #N/A | N83: =IFERROR(VLOOKUP(B83,마스터!$A$2:$B$8,2,0),"") | O83: =VLOOKUP(N83,마스터!$B$1:$G$8,2,0) -> #N/A | P83: =IFERROR(F83*G83,"") -> 0 | Q83: =H83 -> 0 | R83: =I83 -> 0
J84: =$L$2 -> 81032000 | L84: =IFERROR(VLOOKUP(D84,마스터!$R$4:$S$59,2,0),"") | M84: =VLOOKUP(L84,마스터!S:T,2,0) -> #N/A | N84: =IFERROR(VLOOKUP(B84,마스터!$A$2:$B$8,2,0),"") | O84: =VLOOKUP(N84,마스터!$B$1:$G$8,2,0) -> #N/A | P84: =IFERROR(F84*G84,"") -> 0 | Q84: =H84 -> 0 | R84: =I84 -> 0
J85: =$L$2 -> 81032000 | L85: =IFERROR(VLOOKUP(D85,마스터!$R$4:$S$80,2,0),"") | M85: =VLOOKUP(L85,마스터!S:T,2,0) -> #N/A | N85: =IFERROR(VLOOKUP(B85,마스터!$A$2:$B$8,2,0),"") | O85: =VLOOKUP(N85,마스터!$B$1:$G$8,2,0) -> #N/A | P85: =IFERROR(F85*G85,"") -> 0 | Q85: =H85 -> 0 | R85: =I85 -> 0
J86: =$L$2 -> 81032000 | L86: =IFERROR(VLOOKUP(D86,마스터!$R$4:$S$40,2,0),"") | M86: =VLOOKUP(L86,마스터!S:T,2,0) -> #N/A | N86: =IFERROR(VLOOKUP(B86,마스터!$A$2:$B$8,2,0),"") | O86: =VLOOKUP(N86,마스터!$B$1:$G$8,2,0) -> #N/A | P86: =IFERROR(F86*G86,"") -> 0 | Q86: =H86 -> 0 | R86: =I86 -> 0
J87: =$L$2 -> 81032000 | L87: =IFERROR(VLOOKUP(D87,마스터!$R$4:$S$40,2,0),"") | M87: =VLOOKUP(L87,마스터!S:T,2,0) -> #N/A | N87: =IFERROR(VLOOKUP(B87,마스터!$A$2:$B$8,2,0),"") | O87: =VLOOKUP(N87,마스터!$B$1:$G$8,2,0) -> #N/A | P87: =IFERROR(F87*G87,"") -> 0 | Q87: =H87 -> 0 | R87: =I87 -> 0
J88: =$L$2 -> 81032000 | L88: =IFERROR(VLOOKUP(D88,마스터!$R$4:$S$40,2,0),"") | M88: =VLOOKUP(L88,마스터!S:T,2,0) -> #N/A | N88: =IFERROR(VLOOKUP(B88,마스터!$A$2:$B$8,2,0),"") | O88: =VLOOKUP(N88,마스터!$B$1:$G$8,2,0) -> #N/A | P88: =IFERROR(F88*G88,"") -> 0 | Q88: =H88 -> 0 | R88: =I88 -> 0
J89: =$L$2 -> 81032000 | L89: =IFERROR(VLOOKUP(D89,마스터!$R$4:$S$40,2,0),"") | M89: =VLOOKUP(L89,마스터!S:T,2,0) -> #N/A | N89: =IFERROR(VLOOKUP(B89,마스터!$A$2:$B$8,2,0),"") | O89: =VLOOKUP(N89,마스터!$B$1:$G$8,2,0) -> #N/A | P89: =IFERROR(F89*G89,"") -> 0 | Q89: =H89 -> 0 | R89: =I89 -> 0
J90: =$L$2 -> 81032000 | L90: =IFERROR(VLOOKUP(D90,마스터!$R$4:$S$40,2,0),"") | M90: =VLOOKUP(L90,마스터!S:T,2,0) -> #N/A | N90: =IFERROR(VLOOKUP(B90,마스터!$A$2:$B$8,2,0),"") | O90: =VLOOKUP(N90,마스터!$B$1:$G$8,2,0) -> #N/A | P90: =IFERROR(F90*G90,"") -> 0 | Q90: =H90 -> 0 | R90: =I90 -> 0
J91: =$L$2 -> 81032000 | L91: =IFERROR(VLOOKUP(D91,마스터!$R$4:$S$40,2,0),"") | M91: =VLOOKUP(L91,마스터!S:T,2,0) -> #N/A | N91: =IFERROR(VLOOKUP(B91,마스터!$A$2:$B$8,2,0),"") | O91: =VLOOKUP(N91,마스터!$B$1:$G$8,2,0) -> #N/A | P91: =IFERROR(F91*G91,"") -> 0 | Q91: =H91 -> 0 | R91: =I91 -> 0
J92: =$L$2 -> 81032000 | L92: =IFERROR(VLOOKUP(D92,마스터!$R$4:$S$40,2,0),"") | M92: =VLOOKUP(L92,마스터!S:T,2,0) -> #N/A | N92: =IFERROR(VLOOKUP(B92,마스터!$A$2:$B$8,2,0),"") | O92: =VLOOKUP(N92,마스터!$B$1:$G$8,2,0) -> #N/A | P92: =IFERROR(F92*G92,"") -> 0 | Q92: =H92 -> 0 | R92: =I92 -> 0
J93: =$L$2 -> 81032000 | L93: =IFERROR(VLOOKUP(D93,마스터!$R$4:$S$40,2,0),"") | M93: =VLOOKUP(L93,마스터!S:T,2,0) -> #N/A | N93: =IFERROR(VLOOKUP(B93,마스터!$A$2:$B$8,2,0),"") | O93: =VLOOKUP(N93,마스터!$B$1:$G$8,2,0) -> #N/A | P93: =IFERROR(F93*G93,"") -> 0 | Q93: =H93 -> 0 | R93: =I93 -> 0
J94: =$L$2 -> 81032000 | L94: =IFERROR(VLOOKUP(D94,마스터!$R$4:$S$40,2,0),"") | M94: =VLOOKUP(L94,마스터!S:T,2,0) -> #N/A | N94: =IFERROR(VLOOKUP(B94,마스터!$A$2:$B$8,2,0),"") | O94: =VLOOKUP(N94,마스터!$B$1:$G$8,2,0) -> #N/A | P94: =IFERROR(F94*G94,"") -> 0 | Q94: =H94 -> 0 | R94: =I94 -> 0
J95: =$L$2 -> 81032000 | L95: =IFERROR(VLOOKUP(D95,마스터!$R$4:$S$40,2,0),"") | M95: =VLOOKUP(L95,마스터!S:T,2,0) -> #N/A | N95: =IFERROR(VLOOKUP(B95,마스터!$A$2:$B$8,2,0),"") | O95: =VLOOKUP(N95,마스터!$B$1:$G$8,2,0) -> #N/A | P95: =IFERROR(F95*G95,"") -> 0 | Q95: =H95 -> 0 | R95: =I95 -> 0
J96: =$L$2 -> 81032000 | L96: =IFERROR(VLOOKUP(D96,마스터!$R$4:$S$40,2,0),"") | M96: =VLOOKUP(L96,마스터!S:T,2,0) -> #N/A | N96: =IFERROR(VLOOKUP(B96,마스터!$A$2:$B$8,2,0),"") | O96: =VLOOKUP(N96,마스터!$B$1:$G$8,2,0) -> #N/A | P96: =IFERROR(F96*G96,"") -> 0 | Q96: =H96 -> 0 | R96: =I96 -> 0
J97: =$L$2 -> 81032000 | L97: =IFERROR(VLOOKUP(D97,마스터!$R$4:$S$40,2,0),"") | M97: =VLOOKUP(L97,마스터!S:T,2,0) -> #N/A | N97: =IFERROR(VLOOKUP(B97,마스터!$A$2:$B$8,2,0),"") | O97: =VLOOKUP(N97,마스터!$B$1:$G$8,2,0) -> #N/A | P97: =IFERROR(F97*G97,"") -> 0 | Q97: =H97 -> 0 | R97: =I97 -> 0
... J175: =$L$2 -> 81032000 | L175: =IFERROR(VLOOKUP(D175,마스터!$R$4:$S$40,2,0),"") | M175: =VLOOKUP(L175,마스터!S:T,2,0) -> #N/A | N175: =IFERROR(VLOOKUP(B175,마스터!$A$2:$B$8,2,0),"") | O175: =VLOOKUP(N175,마스터!$B$1:$G$8,2,0) -> #N/A | P175: =IFERROR(F175*G175,"") -> 0 | Q175: =H175 -> 0 | R175: =I175 -> 0
L176: =IFERROR(VLOOKUP(D176,마스터!$R$4:$S$80,2,0),"") | M176: =VLOOKUP(L176,마스터!S:T,2,0) -> #N/A | N176: =IFERROR(VLOOKUP(B176,마스터!$A$2:$B$8,2,0),"") | O176: =VLOOKUP(N176,마스터!$B$1:$G$8,2,0) -> #N/A
L177: =IFERROR(VLOOKUP(D177,마스터!$R$4:$S$80,2,0),"") | M177: =VLOOKUP(L177,마스터!S:T,2,0) -> #N/A | N177: =IFERROR(VLOOKUP(B177,마스터!$A$2:$B$8,2,0),"") | O177: =VLOOKUP(N177,마스터!$B$1:$G$8,2,0) -> #N/A
L178: =IFERROR(VLOOKUP(D178,마스터!$R$4:$S$80,2,0),"") | M178: =VLOOKUP(L178,마스터!S:T,2,0) -> #N/A | N178: =IFERROR(VLOOKUP(B178,마스터!$A$2:$B$8,2,0),"") | O178: =VLOOKUP(N178,마스터!$B$1:$G$8,2,0) -> #N/A
...

Sheet 마스터
A1: 바코드 | B1: 제품코드 | C1: 상품명 | D1: 상품단축명 | E1: 과세구분 | F1: 규격 | G1: 가로(mm) | H1: 세로(mm) | I1: 깊이(mm) | J1: 중량(g) | K1: 원산지코드 | L1: 원가 | M1: 매가 | N1: 발주단위 | O1: 입수 | P1: 브랜드명 | R1: 점포명 | S1: 점포코드
A2: 8809020345229 | B2: ME00421300 | C2: 스프레이 익스트림 | D2: 스프레이 익스트림 | E2: 과세 | F2: 180ml | G2: 53 | H2: 160 | I2: 53 | J2: 180g | K2: KR | L2: 2328 | M2: 4300 | N2: EA | O2: 1 | P2: 멘소래담 | R2: (주)코리아세븐 | S2: 81032000 | T2: bill to 고정
A3: 8809020345212 | B3: ME00421185 | C3: 스프레이 파스 | D3: 스프레이 파스 | E3: 과세 | F3: 180ml | G3: 53 | H3: 160 | I3: 53 | J3: 180g | K3: KR | L3: 2321 | M3: 3800 | N3: EA | O3: 1 | P3: 멘소래담
A4: 8809020348978 | B4: ME00421150 | C4: 맨소래담 딥앤쿨 스프레이 150ml*16입 | D4: 딥앤쿨 스프레이 | L4: 2780 | N4: EA | O4: 1 | P4: 멘소래담 | R4: 신갈센터 | S4: 81032901 | U4: 20004(양산물류)
A5: 8809020341207 | B5: ME80421DR3 | C5: 멘소)멘소래담롤온로션 | D5: 멘소래담 롤온로션 | L5: 4455 | N5: EA | R5: 20006(성남물류) | S5: 81032902 | T5: 20006(성남물류) | U5: 20006(성남물류)
A6: 8809020344048 | B6: ME90521L05 | C6: 멘소래담)메디케이티드 립밤 | D6: 메디케이티드 립밤 | R6: 20034(구성물류) | S6: 81032903 | T6: 20034(구성물류) | U6: 20006(성남물류)
A7: 8809020344574 | B7: ME00621PBN | C7: 아크네스 퍼펙트 솔루션 릴리프 바디 미스트 150ml (24입) | R7: 20019(광주상온센타) | S7: 81032904 | T7: 20019(광주상온센타) | U7: 20007(대구물류)
A8: 8809020343744 | B8: ME00621CCP | C8: 편의점용) 아크네스 퍼펙트 솔루션 스팟패치 18매 | R8: 20004(양산물류) | S8: 81032905 | T8: 20004(양산물류) | U8: 20010(양주물류)
R9: 20007(대구물류) | S9: 81032906 | T9: 20007(대구물류) | U9: 20017(언양상온센터(K7))
R10: 20010(양주물류) | S10: 81032907 | T10: 20010(양주물류) | U10: 20029(N경인화성상온센터(K7))
R11: 20033(제주상온센터) | S11: 81032908 | T11: 20033(제주상온센터) | U11: 20033(제주상온센터)
R12: 20049((주)코리아세븐 서이천상온센터) | S12: 81032918 | T12: 20049((주)코리아세븐 서이천상온센터) | U12: 20033(제주상온센터)
R13: 청원상온센터 | S13: 81032910 | T13: 청원상온센터 | U13: 20033(제주상온센터)
R14: 20017(언양상온센터(K7)) | S14: 81032911 | T14: 20017(언양상온센터(K7)) | U14: 20034(구성물류)
R15: 20029(N경인화성상온센터(K7)) | S15: 81032912 | T15: 20029(N경인화성상온센터(K7)) | U15: 20049(서이천상온센터)
R16: (주)코리아세븐 대전상온센터 | S16: 81032913 | T16: (주)코리아세븐 대전상온센터 | U16: 20049(서이천상온센터)
R17: 20065((주)코리아세븐 원주상온센터) | S17: 81032914 | T17: 20065((주)코리아세븐 원주상온센터) | U17: 20050(세종상온센터)
R18: (주)바이더웨이 일산센터 | S18: 82022901 | T18: (주)바이더웨이 일산센터 | U18: 20050(세종상온센터)
R19: (주)바이더웨이 중부센터 | S19: 82022902 | T19: (주)바이더웨이 중부센터 | U19: 20065((주)코리아세븐 원주상온센터)
R20: 20501((주)바이더웨이 경인센터) | S20: 82022903 | T20: 20501((주)바이더웨이 경인센터)
R21: (주)바이더웨이 언양센터 | S21: 82022904 | T21: (주)바이더웨이 언양센터
R22: (주)바이더웨이 잡화센터 | S22: 82022905 | T22: (주)바이더웨이 잡화센터
R23: (주)바이더웨이 광주센터 | S23: 82022906 | T23: (주)바이더웨이 광주센터
R24: (주)바이더웨이 원주센터 | S24: 82022907 | T24: (주)바이더웨이 원주센터
R25: 20050((주)코리아세븐 세종상온센터) | S25: 81032915 | T25: 20050((주)코리아세븐 세종상온센터)
R26: 20017(울산상온센터(K7)) | S26: 81032916 | T26: 20017(울산상온센터(K7))
R27: 20075((주)코리아세븐 인천상온센터) | S27: 81032917 | T27: 20075((주)코리아세븐 인천상온센터)
R28: 20075((주)코리아세븐 인천물류센터) | S28: 81032917 | T28: 20075((주)코리아세븐 인천물류센터)
R29: 20504((주)바이더웨이 울산상온센터) | S29: 81032916 | T29: 20504((주)바이더웨이 울산상온센터)
R30: 20503((주)바이더웨이 세종센터) | S30: 81032919 | T30: 20503((주)바이더웨이 세종센터)
R31: 20076((주)코리아세븐 의왕상온센터) | S31: 81032920 | T31: 20076((주)코리아세븐 의왕상온센터)
... R46: 20097((주)코리아세븐 청원HUB(C)센터) | S46: 81010978 | T46: 20097((주)코리아세븐 청원HUB(C)센터)
R47: 20092((주)코리아세븐 이천HUB(A)센터)
R48: 20033((주)코리아세븐 제주상온센터) | S48: 81032908 | T48: 20033(제주상온센터) | U48: 20033(제주상온센터)
R50: 20092((주)코리아세븐 이천HUB센터) | S50: 81010973 | T50: 20092((주)코리아세븐 이천HUB(A)센터)
R51: 20093((주)코리아세븐 이천HUB센터) | S51: 81010975 | T51: 20093((주)코리아세븐 이천HUB(B)센터)
R52: 20094((주)코리아세븐 이천HUB센터) | S52: 81010976 | T52: 20094((주)코리아세븐 이천HUB(C)센터)
R53: 20095((주)코리아세븐 청원HUB센터) | S53: 81010974 | T53: 20095((주)코리아세븐 청원HUB(A)센터)
R54: 20096((주)코리아세븐 청원HUB센터) | S54: 81010977 | T54: 20096((주)코리아세븐 청원HUB(B)센터)
R55: 20097((주)코리아세븐 청원HUB센터) | S55: 81010978 | T55: 20097((주)코리아세븐 청원HUB(C)센터)
